"","FL_DATE","max_delay"
"1","2019-01-01",182
"2","2019-01-02",223
"3","2019-01-03",176
"4","2019-01-04",672
"5","2019-01-05",345
"6","2019-01-06",199
"7","2019-01-07",1263
"8","2019-01-08",112
"9","2019-01-09",230
"10","2019-01-10",143
"11","2019-01-11",265
"12","2019-01-12",732
"13","2019-01-13",332
"14","2019-01-14",80
"15","2019-01-15",347
"16","2019-01-16",202
"17","2019-01-17",144
"18","2019-01-18",1012
"19","2019-01-19",1566
"20","2019-01-20",216
"21","2019-01-21",1149
"22","2019-01-22",316
"23","2019-01-23",731
"24","2019-01-24",271
"25","2019-01-25",223
"26","2019-01-26",442
"27","2019-01-27",200
"28","2019-01-28",323
"29","2019-01-29",160
"30","2019-01-30",703
"31","2019-01-31",266
"32","2019-02-01",651
"33","2019-02-02",627
"34","2019-02-03",95
"35","2019-02-04",190
"36","2019-02-05",168
"37","2019-02-06",84
"38","2019-02-07",429
"39","2019-02-08",172
"40","2019-02-09",209
"41","2019-02-10",1017
"42","2019-02-11",289
"43","2019-02-12",734
"44","2019-02-13",652
"45","2019-02-14",1594
"46","2019-02-15",429
"47","2019-02-16",187
"48","2019-02-17",457
"49","2019-02-18",757
"50","2019-02-19",299
"51","2019-02-20",1013
"52","2019-02-21",170
"53","2019-02-22",455
"54","2019-02-23",149
"55","2019-02-24",459
"56","2019-02-25",627
"57","2019-02-26",403
"58","2019-02-27",371
"59","2019-02-28",274
"60","2019-03-01",328
"61","2019-03-02",362
"62","2019-03-03",637
"63","2019-03-04",238
"64","2019-03-05",165
"65","2019-03-06",163
"66","2019-03-07",350
"67","2019-03-08",430
"68","2019-03-09",1256
"69","2019-03-10",479
"70","2019-03-11",554
"71","2019-03-12",365
"72","2019-03-13",520
"73","2019-03-14",524
"74","2019-03-15",521
"75","2019-03-16",975
"76","2019-03-17",601
"77","2019-03-18",279
"78","2019-03-19",793
"79","2019-03-20",128
"80","2019-03-21",172
"81","2019-03-22",253
"82","2019-03-23",111
"83","2019-03-24",300
"84","2019-03-25",382
"85","2019-03-26",201
"86","2019-03-27",418
"87","2019-03-28",129
"88","2019-03-29",309
"89","2019-03-30",232
"90","2019-03-31",332
"91","2019-04-01",314
"92","2019-04-02",269
"93","2019-04-03",240
"94","2019-04-04",218
"95","2019-04-05",131
"96","2019-04-06",712
"97","2019-04-07",154
"98","2019-04-08",466
"99","2019-04-09",1106
"100","2019-04-10",271
"101","2019-04-11",284
"102","2019-04-12",758
"103","2019-04-13",440
"104","2019-04-14",1156
"105","2019-04-15",298
"106","2019-04-16",191
"107","2019-04-17",356
"108","2019-04-18",270
"109","2019-04-19",890
"110","2019-04-20",405
"111","2019-04-21",163
"112","2019-04-22",305
"113","2019-04-23",300
"114","2019-04-24",230
"115","2019-04-25",229
"116","2019-04-26",398
"117","2019-04-27",140
"118","2019-04-28",171
"119","2019-04-29",231
"120","2019-04-30",285
"121","2019-05-01",271
"122","2019-05-02",274
"123","2019-05-03",221
"124","2019-05-04",232
"125","2019-05-05",1556
"126","2019-05-06",190
"127","2019-05-07",272
"128","2019-05-08",495
"129","2019-05-09",533
"130","2019-05-10",309
"131","2019-05-11",313
"132","2019-05-12",798
"133","2019-05-13",511
"134","2019-05-14",268
"135","2019-05-15",314
"136","2019-05-16",307
"137","2019-05-17",185
"138","2019-05-18",492
"139","2019-05-19",255
"140","2019-05-20",241
"141","2019-05-21",307
"142","2019-05-22",185
"143","2019-05-23",418
"144","2019-05-24",178
"145","2019-05-25",389
"146","2019-05-26",290
"147","2019-05-27",416
"148","2019-05-28",368
"149","2019-05-29",487
"150","2019-05-30",299
"151","2019-05-31",296
"152","2019-06-01",351
"153","2019-06-02",285
"154","2019-06-03",1443
"155","2019-06-04",681
"156","2019-06-05",274
"157","2019-06-06",220
"158","2019-06-07",434
"159","2019-06-08",792
"160","2019-06-09",392
"161","2019-06-10",684
"162","2019-06-11",211
"163","2019-06-12",1130
"164","2019-06-13",495
"165","2019-06-14",994
"166","2019-06-15",569
"167","2019-06-16",967
"168","2019-06-17",492
"169","2019-06-18",572
"170","2019-06-19",318
"171","2019-06-20",868
"172","2019-06-21",1111
"173","2019-06-22",235
"174","2019-06-23",388
"175","2019-06-24",334
"176","2019-06-25",236
"177","2019-06-26",243
"178","2019-06-27",352
"179","2019-06-28",537
"180","2019-06-29",1178
"181","2019-06-30",252
"182","2019-07-01",473
"183","2019-07-02",415
"184","2019-07-03",618
"185","2019-07-04",234
"186","2019-07-05",266
"187","2019-07-06",1025
"188","2019-07-07",579
"189","2019-07-08",314
"190","2019-07-09",259
"191","2019-07-10",374
"192","2019-07-11",998
"193","2019-07-12",258
"194","2019-07-13",919
"195","2019-07-14",158
"196","2019-07-15",422
"197","2019-07-16",328
"198","2019-07-17",1286
"199","2019-07-18",593
"200","2019-07-19",329
"201","2019-07-20",550
"202","2019-07-21",686
"203","2019-07-22",368
"204","2019-07-23",282
"205","2019-07-24",327
"206","2019-07-25",397
"207","2019-07-26",677
"208","2019-07-27",688
"209","2019-07-28",472
"210","2019-07-29",381
"211","2019-07-30",230
"212","2019-07-31",800
"213","2019-08-01",900
"214","2019-08-02",375
"215","2019-08-03",410
"216","2019-08-04",602
"217","2019-08-05",305
"218","2019-08-06",308
"219","2019-08-07",295
"220","2019-08-08",435
"221","2019-08-09",828
"222","2019-08-10",344
"223","2019-08-11",118
"224","2019-08-12",331
"225","2019-08-13",793
"226","2019-08-14",735
"227","2019-08-15",1580
"228","2019-08-16",325
"229","2019-08-17",428
"230","2019-08-18",621
"231","2019-08-19",234
"232","2019-08-20",370
"233","2019-08-21",221
"234","2019-08-22",441
"235","2019-08-23",214
"236","2019-08-24",144
"237","2019-08-25",197
"238","2019-08-26",213
"239","2019-08-27",308
"240","2019-08-28",167
"241","2019-08-29",361
"242","2019-08-30",852
"243","2019-08-31",1202
"244","2019-09-01",353
"245","2019-09-02",911
"246","2019-09-03",507
"247","2019-09-04",390
"248","2019-09-05",127
"249","2019-09-06",868
"250","2019-09-07",123
"251","2019-09-08",322
"252","2019-09-09",641
"253","2019-09-10",209
"254","2019-09-11",396
"255","2019-09-12",383
"256","2019-09-13",209
"257","2019-09-14",202
"258","2019-09-15",579
"259","2019-09-16",222
"260","2019-09-17",280
"261","2019-09-18",272
"262","2019-09-19",386
"263","2019-09-20",221
"264","2019-09-21",841
"265","2019-09-22",385
"266","2019-09-23",980
"267","2019-09-24",137
"268","2019-09-25",151
"269","2019-09-26",465
"270","2019-09-27",1169
"271","2019-09-28",437
"272","2019-09-29",396
"273","2019-09-30",371
"274","2019-10-01",217
"275","2019-10-02",242
"276","2019-10-03",642
"277","2019-10-04",212
"278","2019-10-05",215
"279","2019-10-06",156
"280","2019-10-07",209
"281","2019-10-08",254
"282","2019-10-09",581
"283","2019-10-10",291
"284","2019-10-11",669
"285","2019-10-12",256
"286","2019-10-13",315
"287","2019-10-14",228
"288","2019-10-15",215
"289","2019-10-16",155
"290","2019-10-17",484
"291","2019-10-18",1964
"292","2019-10-19",179
"293","2019-10-20",928
"294","2019-10-21",677
"295","2019-10-22",187
"296","2019-10-23",105
"297","2019-10-24",996
"298","2019-10-25",242
"299","2019-10-26",1044
"300","2019-10-27",317
"301","2019-10-28",219
"302","2019-10-29",376
"303","2019-10-30",179
"304","2019-10-31",1081
"305","2019-11-01",240
"306","2019-11-02",178
"307","2019-11-03",804
"308","2019-11-04",163
"309","2019-11-05",165
"310","2019-11-06",947
"311","2019-11-07",269
"312","2019-11-08",881
"313","2019-11-09",1150
"314","2019-11-10",217
"315","2019-11-11",446
"316","2019-11-12",622
"317","2019-11-13",173
"318","2019-11-14",204
"319","2019-11-15",374
"320","2019-11-16",137
"321","2019-11-17",635
"322","2019-11-18",1784
"323","2019-11-19",144
"324","2019-11-20",245
"325","2019-11-21",1102
"326","2019-11-22",211
"327","2019-11-23",148
"328","2019-11-24",825
"329","2019-11-25",867
"330","2019-11-26",186
"331","2019-11-27",771
"332","2019-11-28",97
"333","2019-11-29",421
"334","2019-11-30",1106
"335","2019-12-01",707
"336","2019-12-02",873
"337","2019-12-03",1621
"338","2019-12-04",127
"339","2019-12-05",232
"340","2019-12-06",829
"341","2019-12-07",395
"342","2019-12-08",432
"343","2019-12-09",522
"344","2019-12-10",136
"345","2019-12-11",233
"346","2019-12-12",693
"347","2019-12-13",1048
"348","2019-12-14",108
"349","2019-12-15",222
"350","2019-12-16",859
"351","2019-12-17",259
"352","2019-12-18",611
"353","2019-12-19",202
"354","2019-12-20",1035
"355","2019-12-21",1193
"356","2019-12-22",129
"357","2019-12-23",583
"358","2019-12-24",107
"359","2019-12-25",275
"360","2019-12-26",242
"361","2019-12-27",586
"362","2019-12-28",215
"363","2019-12-29",133
"364","2019-12-30",239
"365","2019-12-31",658
"366","2020-01-01",360
"367","2020-01-02",290
"368","2020-01-03",289
"369","2020-01-04",587
"370","2020-01-05",176
"371","2020-01-06",337
"372","2020-01-07",64
"373","2020-01-08",89
"374","2020-01-09",724
"375","2020-01-10",909
"376","2020-01-11",222
"377","2020-01-12",173
"378","2020-01-13",505
"379","2020-01-14",308
"380","2020-01-15",173
"381","2020-01-16",488
"382","2020-01-17",1025
"383","2020-01-18",751
"384","2020-01-19",909
"385","2020-01-20",442
"386","2020-01-21",202
"387","2020-01-22",468
"388","2020-01-23",362
"389","2020-01-24",243
"390","2020-01-25",720
"391","2020-01-26",231
"392","2020-01-27",279
"393","2020-01-28",1237
"394","2020-01-29",761
"395","2020-01-30",715
"396","2020-01-31",457
"397","2020-02-01",145
"398","2020-02-02",160
"399","2020-02-03",379
"400","2020-02-04",197
"401","2020-02-05",208
"402","2020-02-06",517
"403","2020-02-07",470
"404","2020-02-08",415
"405","2020-02-09",380
"406","2020-02-10",282
"407","2020-02-11",119
"408","2020-02-12",1488
"409","2020-02-13",377
"410","2020-02-14",285
"411","2020-02-15",432
"412","2020-02-16",1205
"413","2020-02-17",133
"414","2020-02-18",412
"415","2020-02-19",123
"416","2020-02-20",937
"417","2020-02-21",135
"418","2020-02-22",217
"419","2020-02-23",147
"420","2020-02-24",263
"421","2020-02-25",236
"422","2020-02-26",1130
"423","2020-02-27",178
"424","2020-02-28",558
"425","2020-02-29",177
"426","2020-03-01",222
"427","2020-03-02",181
"428","2020-03-03",127
"429","2020-03-04",1202
"430","2020-03-05",133
"431","2020-03-06",132
"432","2020-03-07",144
"433","2020-03-08",187
"434","2020-03-09",330
"435","2020-03-10",254
"436","2020-03-11",157
"437","2020-03-12",369
"438","2020-03-13",279
"439","2020-03-14",1194
"440","2020-03-15",731
"441","2020-03-16",702
"442","2020-03-17",157
"443","2020-03-18",179
"444","2020-03-19",316
"445","2020-03-20",1632
"446","2020-03-21",141
"447","2020-03-22",212
"448","2020-03-23",741
"449","2020-03-24",482
"450","2020-03-25",136
"451","2020-03-26",175
"452","2020-03-27",39
"453","2020-03-28",152
"454","2020-03-29",104
"455","2020-03-30",20
"456","2020-03-31",204
"457","2020-04-01",363
"458","2020-04-02",208
"459","2020-04-03",256
"460","2020-04-04",86
"461","2020-04-05",314
"462","2020-04-06",22
"463","2020-04-07",30
"464","2020-04-08",133
"465","2020-04-09",132
"466","2020-04-10",120
"467","2020-04-11",138
"468","2020-04-12",59
"469","2020-04-13",73
"470","2020-04-14",63
"471","2020-04-15",182
"472","2020-04-16",297
"473","2020-04-17",58
"474","2020-04-18",197
"475","2020-04-19",188
"476","2020-04-20",213
"477","2020-04-21",571
"478","2020-04-22",54
"479","2020-04-23",58
"480","2020-04-24",148
"481","2020-04-25",67
"482","2020-04-26",258
"483","2020-04-27",203
"484","2020-04-28",115
"485","2020-04-29",52
"486","2020-04-30",64
"487","2020-05-01",87
"488","2020-05-02",60
"489","2020-05-03",128
"490","2020-05-04",121
"491","2020-05-05",611
"492","2020-05-06",94
"493","2020-05-07",45
"494","2020-05-08",186
"495","2020-05-09",23
"496","2020-05-10",44
"497","2020-05-11",81
"498","2020-05-12",64
"499","2020-05-13",38
"500","2020-05-14",108
"501","2020-05-15",130
"502","2020-05-16",126
"503","2020-05-17",113
"504","2020-05-18",125
"505","2020-05-19",132
"506","2020-05-20",90
"507","2020-05-21",90
"508","2020-05-22",43
"509","2020-05-23",173
"510","2020-05-24",81
"511","2020-05-25",131
"512","2020-05-26",85
"513","2020-05-27",89
"514","2020-05-28",122
"515","2020-05-29",61
"516","2020-05-30",13
"517","2020-05-31",88
"518","2020-06-01",39
"519","2020-06-02",13
"520","2020-06-03",81
"521","2020-06-04",167
"522","2020-06-05",87
"523","2020-06-06",719
"524","2020-06-07",186
"525","2020-06-08",78
"526","2020-06-09",127
"527","2020-06-10",191
"528","2020-06-11",86
"529","2020-06-12",526
"530","2020-06-13",92
"531","2020-06-14",66
"532","2020-06-15",50
"533","2020-06-16",102
"534","2020-06-17",73
"535","2020-06-18",97
"536","2020-06-19",124
"537","2020-06-20",847
"538","2020-06-21",155
"539","2020-06-22",222
"540","2020-06-23",186
"541","2020-06-24",47
"542","2020-06-25",92
"543","2020-06-26",95
"544","2020-06-27",52
"545","2020-06-28",249
"546","2020-06-29",230
"547","2020-06-30",90
"548","2020-07-01",135
"549","2020-07-02",109
"550","2020-07-03",117
"551","2020-07-04",246
"552","2020-07-05",162
"553","2020-07-06",295
"554","2020-07-07",168
"555","2020-07-08",185
"556","2020-07-09",296
"557","2020-07-10",325
"558","2020-07-11",43
"559","2020-07-12",167
"560","2020-07-13",311
"561","2020-07-14",181
"562","2020-07-15",168
"563","2020-07-16",166
"564","2020-07-17",177
"565","2020-07-18",449
"566","2020-07-19",185
"567","2020-07-20",155
"568","2020-07-21",371
"569","2020-07-22",159
"570","2020-07-23",224
"571","2020-07-24",81
"572","2020-07-25",208
"573","2020-07-26",154
"574","2020-07-27",771
"575","2020-07-28",311
"576","2020-07-29",195
"577","2020-07-30",69
"578","2020-07-31",121
"579","2020-08-01",116
"580","2020-08-02",100
"581","2020-08-03",290
"582","2020-08-04",100
"583","2020-08-05",86
"584","2020-08-06",117
"585","2020-08-07",206
"586","2020-08-08",75
"587","2020-08-09",149
"588","2020-08-10",830
"589","2020-08-11",121
"590","2020-08-12",125
"591","2020-08-13",1123
"592","2020-08-14",158
"593","2020-08-15",144
"594","2020-08-16",211
"595","2020-08-17",120
"596","2020-08-18",135
"597","2020-08-19",105
"598","2020-08-20",40
"599","2020-08-21",134
"600","2020-08-22",96
"601","2020-08-23",282
"602","2020-08-24",148
"603","2020-08-25",138
"604","2020-08-26",100
"605","2020-08-27",92
"606","2020-08-28",103
"607","2020-08-29",90
"608","2020-08-30",140
"609","2020-08-31",153
"610","2020-09-01",329
"611","2020-09-02",273
"612","2020-09-03",87
"613","2020-09-04",80
"614","2020-09-05",200
"615","2020-09-06",101
"616","2020-09-07",70
"617","2020-09-08",178
"618","2020-09-09",139
"619","2020-09-10",79
"620","2020-09-11",92
"621","2020-09-12",1249
"622","2020-09-13",42
"623","2020-09-14",145
"624","2020-09-15",230
"625","2020-09-16",64
"626","2020-09-17",78
"627","2020-09-18",171
"628","2020-09-19",173
"629","2020-09-20",49
"630","2020-09-21",42
"631","2020-09-22",58
"632","2020-09-23",24
"633","2020-09-24",413
"634","2020-09-25",113
"635","2020-09-26",82
"636","2020-09-27",171
"637","2020-09-28",131
"638","2020-09-29",248
"639","2020-09-30",70
"640","2020-10-01",335
"641","2020-10-02",72
"642","2020-10-03",159
"643","2020-10-04",292
"644","2020-10-05",82
"645","2020-10-06",100
"646","2020-10-07",142
"647","2020-10-08",69
"648","2020-10-09",210
"649","2020-10-10",242
"650","2020-10-11",313
"651","2020-10-12",103
"652","2020-10-13",96
"653","2020-10-14",101
"654","2020-10-15",487
"655","2020-10-16",76
"656","2020-10-17",52
"657","2020-10-18",207
"658","2020-10-19",106
"659","2020-10-20",501
"660","2020-10-21",211
"661","2020-10-22",272
"662","2020-10-23",313
"663","2020-10-24",106
"664","2020-10-25",139
"665","2020-10-26",937
"666","2020-10-27",441
"667","2020-10-28",110
"668","2020-10-29",515
"669","2020-10-30",195
"670","2020-10-31",121
"671","2020-11-01",122
"672","2020-11-02",119
"673","2020-11-03",145
"674","2020-11-04",480
"675","2020-11-05",470
"676","2020-11-06",74
"677","2020-11-07",296
"678","2020-11-08",602
"679","2020-11-09",664
"680","2020-11-10",68
"681","2020-11-11",217
"682","2020-11-12",84
"683","2020-11-13",742
"684","2020-11-14",145
"685","2020-11-15",197
"686","2020-11-16",220
"687","2020-11-17",71
"688","2020-11-18",155
"689","2020-11-19",1749
"690","2020-11-20",185
"691","2020-11-21",210
"692","2020-11-22",1084
"693","2020-11-23",105
"694","2020-11-24",267
"695","2020-11-25",75
"696","2020-11-26",161
"697","2020-11-27",172
"698","2020-11-28",227
"699","2020-11-29",619
"700","2020-11-30",108
"701","2020-12-01",87
"702","2020-12-02",50
"703","2020-12-03",129
"704","2020-12-04",2522
"705","2020-12-05",114
"706","2020-12-06",215
"707","2020-12-07",145
"708","2020-12-08",72
"709","2020-12-09",1513
"710","2020-12-10",87
"711","2020-12-11",96
"712","2020-12-12",143
"713","2020-12-13",139
"714","2020-12-14",193
"715","2020-12-15",84
"716","2020-12-16",898
"717","2020-12-17",1500
"718","2020-12-18",124
"719","2020-12-19",851
"720","2020-12-20",409
"721","2020-12-21",72
"722","2020-12-22",1293
"723","2020-12-23",1172
"724","2020-12-24",597
"725","2020-12-25",1401
"726","2020-12-26",200
"727","2020-12-27",281
"728","2020-12-28",735
"729","2020-12-29",138
"730","2020-12-30",556
"731","2020-12-31",291
"732","2021-01-01",120
"733","2021-01-02",480
"734","2021-01-03",110
"735","2021-01-04",1378
"736","2021-01-05",166
"737","2021-01-06",52
"738","2021-01-07",196
"739","2021-01-08",1302
"740","2021-01-09",137
"741","2021-01-10",221
"742","2021-01-11",100
"743","2021-01-12",191
"744","2021-01-13",154
"745","2021-01-14",183
"746","2021-01-15",1106
"747","2021-01-16",255
"748","2021-01-17",314
"749","2021-01-18",217
"750","2021-01-19",56
"751","2021-01-20",215
"752","2021-01-21",37
"753","2021-01-22",1366
"754","2021-01-23",707
"755","2021-01-24",113
"756","2021-01-25",156
"757","2021-01-26",109
"758","2021-01-27",83
"759","2021-01-28",912
"760","2021-01-29",241
"761","2021-01-30",523
"762","2021-01-31",320
"763","2021-02-01",1231
"764","2021-02-02",43
"765","2021-02-03",311
"766","2021-02-04",137
"767","2021-02-05",140
"768","2021-02-06",25
"769","2021-02-07",166
"770","2021-02-08",228
"771","2021-02-09",114
"772","2021-02-10",71
"773","2021-02-11",125
"774","2021-02-12",932
"775","2021-02-13",1531
"776","2021-02-14",270
"777","2021-02-15",224
"778","2021-02-16",148
"779","2021-02-17",1367
"780","2021-02-18",1104
"781","2021-02-19",306
"782","2021-02-20",2565
"783","2021-02-21",1323
"784","2021-02-22",909
"785","2021-02-23",92
"786","2021-02-24",166
"787","2021-02-25",240
"788","2021-02-26",96
"789","2021-02-27",193
"790","2021-02-28",164
"791","2021-03-01",132
"792","2021-03-02",56
"793","2021-03-03",84
"794","2021-03-04",281
"795","2021-03-05",139
"796","2021-03-06",2087
"797","2021-03-07",131
"798","2021-03-08",49
"799","2021-03-09",194
"800","2021-03-10",266
"801","2021-03-11",367
"802","2021-03-12",120
"803","2021-03-13",178
"804","2021-03-14",453
"805","2021-03-15",193
"806","2021-03-16",110
"807","2021-03-17",228
"808","2021-03-18",243
"809","2021-03-19",191
"810","2021-03-20",164
"811","2021-03-21",227
"812","2021-03-22",130
"813","2021-03-23",249
"814","2021-03-24",286
"815","2021-03-25",666
"816","2021-03-26",131
"817","2021-03-27",100
"818","2021-03-28",622
"819","2021-03-29",505
"820","2021-03-30",1303
"821","2021-03-31",1274
"822","2021-04-01",223
"823","2021-04-02",158
"824","2021-04-03",223
"825","2021-04-04",745
"826","2021-04-05",108
"827","2021-04-06",152
"828","2021-04-07",138
"829","2021-04-08",102
"830","2021-04-09",830
"831","2021-04-10",816
"832","2021-04-11",238
"833","2021-04-12",234
"834","2021-04-13",244
"835","2021-04-14",109
"836","2021-04-15",173
"837","2021-04-16",291
"838","2021-04-17",178
"839","2021-04-18",141
"840","2021-04-19",817
"841","2021-04-20",128
"842","2021-04-21",314
"843","2021-04-22",158
"844","2021-04-23",285
"845","2021-04-24",1070
"846","2021-04-25",288
"847","2021-04-26",132
"848","2021-04-27",69
"849","2021-04-28",237
"850","2021-04-29",1457
"851","2021-04-30",150
"852","2021-05-01",274
"853","2021-05-02",235
"854","2021-05-03",308
"855","2021-05-04",216
"856","2021-05-05",1217
"857","2021-05-06",996
"858","2021-05-07",618
"859","2021-05-08",157
"860","2021-05-09",121
"861","2021-05-10",1286
"862","2021-05-11",337
"863","2021-05-12",175
"864","2021-05-13",381
"865","2021-05-14",247
"866","2021-05-15",161
"867","2021-05-16",371
"868","2021-05-17",671
"869","2021-05-18",319
"870","2021-05-19",88
"871","2021-05-20",276
"872","2021-05-21",168
"873","2021-05-22",129
"874","2021-05-23",165
"875","2021-05-24",244
"876","2021-05-25",684
"877","2021-05-26",288
"878","2021-05-27",255
"879","2021-05-28",322
"880","2021-05-29",1432
"881","2021-05-30",280
"882","2021-05-31",1109
"883","2021-06-01",414
"884","2021-06-02",684
"885","2021-06-03",1421
"886","2021-06-04",805
"887","2021-06-05",597
"888","2021-06-06",165
"889","2021-06-07",1149
"890","2021-06-08",300
"891","2021-06-09",441
"892","2021-06-10",266
"893","2021-06-11",743
"894","2021-06-12",1250
"895","2021-06-13",298
"896","2021-06-14",266
"897","2021-06-15",263
"898","2021-06-16",2156
"899","2021-06-17",445
"900","2021-06-18",491
"901","2021-06-19",188
"902","2021-06-20",737
"903","2021-06-21",608
"904","2021-06-22",727
"905","2021-06-23",637
"906","2021-06-24",888
"907","2021-06-25",457
"908","2021-06-26",1274
"909","2021-06-27",171
"910","2021-06-28",811
"911","2021-06-29",767
"912","2021-06-30",347
"913","2021-07-01",400
"914","2021-07-02",669
"915","2021-07-03",290
"916","2021-07-04",1195
"917","2021-07-05",436
"918","2021-07-06",574
"919","2021-07-07",403
"920","2021-07-08",898
"921","2021-07-09",571
"922","2021-07-10",275
"923","2021-07-11",1362
"924","2021-07-12",422
"925","2021-07-13",228
"926","2021-07-14",528
"927","2021-07-15",204
"928","2021-07-16",233
"929","2021-07-17",1512
"930","2021-07-18",579
"931","2021-07-19",368
"932","2021-07-20",1209
"933","2021-07-21",562
"934","2021-07-22",1008
"935","2021-07-23",398
"936","2021-07-24",665
"937","2021-07-25",942
"938","2021-07-26",316
"939","2021-07-27",401
"940","2021-07-28",181
"941","2021-07-29",233
"942","2021-07-30",782
"943","2021-07-31",202
"944","2021-08-01",1213
"945","2021-08-02",1130
"946","2021-08-03",698
"947","2021-08-04",234
"948","2021-08-05",1603
"949","2021-08-06",331
"950","2021-08-07",537
"951","2021-08-08",366
"952","2021-08-09",973
"953","2021-08-10",220
"954","2021-08-11",282
"955","2021-08-12",538
"956","2021-08-13",217
"957","2021-08-14",494
"958","2021-08-15",579
"959","2021-08-16",322
"960","2021-08-17",365
"961","2021-08-18",759
"962","2021-08-19",266
"963","2021-08-20",217
"964","2021-08-21",634
"965","2021-08-22",741
"966","2021-08-23",593
"967","2021-08-24",250
"968","2021-08-25",295
"969","2021-08-26",291
"970","2021-08-27",263
"971","2021-08-28",180
"972","2021-08-29",654
"973","2021-08-30",343
"974","2021-08-31",167
"975","2021-09-01",1571
"976","2021-09-02",620
"977","2021-09-03",237
"978","2021-09-04",481
"979","2021-09-05",190
"980","2021-09-06",147
"981","2021-09-07",358
"982","2021-09-08",303
"983","2021-09-09",559
"984","2021-09-10",224
"985","2021-09-11",154
"986","2021-09-12",582
"987","2021-09-13",313
"988","2021-09-14",526
"989","2021-09-15",326
"990","2021-09-16",194
"991","2021-09-17",281
"992","2021-09-18",125
"993","2021-09-19",274
"994","2021-09-20",683
"995","2021-09-21",113
"996","2021-09-22",193
"997","2021-09-23",258
"998","2021-09-24",209
"999","2021-09-25",387
"1000","2021-09-26",148
"1001","2021-09-27",186
"1002","2021-09-28",280
"1003","2021-09-29",622
"1004","2021-09-30",269
"1005","2021-10-01",208
"1006","2021-10-02",510
"1007","2021-10-03",281
"1008","2021-10-04",139
"1009","2021-10-05",190
"1010","2021-10-06",302
"1011","2021-10-07",206
"1012","2021-10-08",376
"1013","2021-10-09",170
"1014","2021-10-10",1049
"1015","2021-10-11",302
"1016","2021-10-12",689
"1017","2021-10-13",338
"1018","2021-10-14",979
"1019","2021-10-15",245
"1020","2021-10-16",357
"1021","2021-10-17",633
"1022","2021-10-18",1410
"1023","2021-10-19",735
"1024","2021-10-20",745
"1025","2021-10-21",1098
"1026","2021-10-22",501
"1027","2021-10-23",156
"1028","2021-10-24",528
"1029","2021-10-25",297
"1030","2021-10-26",383
"1031","2021-10-27",417
"1032","2021-10-28",302
"1033","2021-10-29",207
"1034","2021-10-30",244
"1035","2021-10-31",347
"1036","2021-11-01",681
"1037","2021-11-02",172
"1038","2021-11-03",743
"1039","2021-11-04",172
"1040","2021-11-05",505
"1041","2021-11-06",154
"1042","2021-11-07",172
"1043","2021-11-08",273
"1044","2021-11-09",256
"1045","2021-11-10",1259
"1046","2021-11-11",2574
"1047","2021-11-12",889
"1048","2021-11-13",668
"1049","2021-11-14",822
"1050","2021-11-15",470
"1051","2021-11-16",726
"1052","2021-11-17",297
"1053","2021-11-18",204
"1054","2021-11-19",251
"1055","2021-11-20",206
"1056","2021-11-21",191
"1057","2021-11-22",190
"1058","2021-11-23",228
"1059","2021-11-24",754
"1060","2021-11-25",252
"1061","2021-11-26",1083
"1062","2021-11-27",265
"1063","2021-11-28",105
"1064","2021-11-29",782
"1065","2021-11-30",361
"1066","2021-12-01",275
"1067","2021-12-02",690
"1068","2021-12-03",614
"1069","2021-12-04",217
"1070","2021-12-05",986
"1071","2021-12-06",403
"1072","2021-12-07",481
"1073","2021-12-08",193
"1074","2021-12-09",862
"1075","2021-12-10",764
"1076","2021-12-11",159
"1077","2021-12-12",1158
"1078","2021-12-13",305
"1079","2021-12-14",399
"1080","2021-12-15",951
"1081","2021-12-16",180
"1082","2021-12-17",288
"1083","2021-12-18",2007
"1084","2021-12-19",124
"1085","2021-12-20",1718
"1086","2021-12-21",219
"1087","2021-12-22",526
"1088","2021-12-23",138
"1089","2021-12-24",1258
"1090","2021-12-25",226
"1091","2021-12-26",1009
"1092","2021-12-27",103
"1093","2021-12-28",285
"1094","2021-12-29",246
"1095","2021-12-30",973
"1096","2021-12-31",155
"1097","2022-01-01",837
"1098","2022-01-02",520
"1099","2022-01-03",375
"1100","2022-01-04",1222
"1101","2022-01-05",644
"1102","2022-01-06",884
"1103","2022-01-07",187
"1104","2022-01-08",214
"1105","2022-01-09",335
"1106","2022-01-10",375
"1107","2022-01-11",149
"1108","2022-01-12",293
"1109","2022-01-13",139
"1110","2022-01-14",1196
"1111","2022-01-15",1447
"1112","2022-01-16",268
"1113","2022-01-17",1280
"1114","2022-01-18",813
"1115","2022-01-19",179
"1116","2022-01-20",234
"1117","2022-01-21",440
"1118","2022-01-22",123
"1119","2022-01-23",245
"1120","2022-01-24",1812
"1121","2022-01-25",178
"1122","2022-01-26",512
"1123","2022-01-27",295
"1124","2022-01-28",694
"1125","2022-01-29",194
"1126","2022-01-30",239
"1127","2022-01-31",581
"1128","2022-02-01",523
"1129","2022-02-02",193
"1130","2022-02-03",1041
"1131","2022-02-04",1045
"1132","2022-02-05",297
"1133","2022-02-06",308
"1134","2022-02-07",383
"1135","2022-02-08",143
"1136","2022-02-09",2206
"1137","2022-02-10",185
"1138","2022-02-11",206
"1139","2022-02-12",258
"1140","2022-02-13",1143
"1141","2022-02-14",379
"1142","2022-02-15",129
"1143","2022-02-16",1062
"1144","2022-02-17",1697
"1145","2022-02-18",569
"1146","2022-02-19",1188
"1147","2022-02-20",363
"1148","2022-02-21",391
"1149","2022-02-22",244
"1150","2022-02-23",404
"1151","2022-02-24",222
"1152","2022-02-25",824
"1153","2022-02-26",259
"1154","2022-02-27",563
"1155","2022-02-28",534
"1156","2022-03-01",290
"1157","2022-03-02",278
"1158","2022-03-03",106
"1159","2022-03-04",370
"1160","2022-03-05",220
"1161","2022-03-06",1563
"1162","2022-03-07",336
"1163","2022-03-08",391
"1164","2022-03-09",1872
"1165","2022-03-10",316
"1166","2022-03-11",232
"1167","2022-03-12",408
"1168","2022-03-13",1386
"1169","2022-03-14",463
"1170","2022-03-15",932
"1171","2022-03-16",237
"1172","2022-03-17",298
"1173","2022-03-18",1304
"1174","2022-03-19",357
"1175","2022-03-20",827
"1176","2022-03-21",1161
"1177","2022-03-22",299
"1178","2022-03-23",296
"1179","2022-03-24",1369
"1180","2022-03-25",271
"1181","2022-03-26",2966
"1182","2022-03-27",977
"1183","2022-03-28",1602
"1184","2022-03-29",399
"1185","2022-03-30",137
"1186","2022-03-31",233
"1187","2022-04-01",374
"1188","2022-04-02",538
"1189","2022-04-03",205
"1190","2022-04-04",896
"1191","2022-04-05",1300
"1192","2022-04-06",115
"1193","2022-04-07",221
"1194","2022-04-08",856
"1195","2022-04-09",562
"1196","2022-04-10",137
"1197","2022-04-11",299
"1198","2022-04-12",1446
"1199","2022-04-13",253
"1200","2022-04-14",636
"1201","2022-04-15",472
"1202","2022-04-16",588
"1203","2022-04-17",656
"1204","2022-04-18",333
"1205","2022-04-19",216
"1206","2022-04-20",515
"1207","2022-04-21",199
"1208","2022-04-22",1193
"1209","2022-04-23",483
"1210","2022-04-24",544
"1211","2022-04-25",608
"1212","2022-04-26",217
"1213","2022-04-27",199
"1214","2022-04-28",274
"1215","2022-04-29",269
"1216","2022-04-30",714
"1217","2022-05-01",661
"1218","2022-05-02",318
"1219","2022-05-03",362
"1220","2022-05-04",233
"1221","2022-05-05",349
"1222","2022-05-06",176
"1223","2022-05-07",206
"1224","2022-05-08",1481
"1225","2022-05-09",380
"1226","2022-05-10",270
"1227","2022-05-11",336
"1228","2022-05-12",152
"1229","2022-05-13",1459
"1230","2022-05-14",260
"1231","2022-05-15",1209
"1232","2022-05-16",892
"1233","2022-05-17",392
"1234","2022-05-18",225
"1235","2022-05-19",391
"1236","2022-05-20",1410
"1237","2022-05-21",669
"1238","2022-05-22",526
"1239","2022-05-23",480
"1240","2022-05-24",308
"1241","2022-05-25",287
"1242","2022-05-26",1230
"1243","2022-05-27",467
"1244","2022-05-28",266
"1245","2022-05-29",374
"1246","2022-05-30",249
"1247","2022-05-31",312
"1248","2022-06-01",519
"1249","2022-06-02",935
"1250","2022-06-03",947
"1251","2022-06-04",777
"1252","2022-06-05",553
"1253","2022-06-06",282
"1254","2022-06-07",575
"1255","2022-06-08",305
"1256","2022-06-09",1172
"1257","2022-06-10",715
"1258","2022-06-11",388
"1259","2022-06-12",1012
"1260","2022-06-13",720
"1261","2022-06-14",415
"1262","2022-06-15",393
"1263","2022-06-16",1184
"1264","2022-06-17",876
"1265","2022-06-18",295
"1266","2022-06-19",1673
"1267","2022-06-20",349
"1268","2022-06-21",1220
"1269","2022-06-22",301
"1270","2022-06-23",492
"1271","2022-06-24",1027
"1272","2022-06-25",936
"1273","2022-06-26",520
"1274","2022-06-27",233
"1275","2022-06-28",1125
"1276","2022-06-29",832
"1277","2022-06-30",219
"1278","2022-07-01",1025
"1279","2022-07-02",993
"1280","2022-07-03",244
"1281","2022-07-04",186
"1282","2022-07-05",243
"1283","2022-07-06",697
"1284","2022-07-07",221
"1285","2022-07-08",533
"1286","2022-07-09",1402
"1287","2022-07-10",476
"1288","2022-07-11",2109
"1289","2022-07-12",259
"1290","2022-07-13",348
"1291","2022-07-14",717
"1292","2022-07-15",562
"1293","2022-07-16",1009
"1294","2022-07-17",290
"1295","2022-07-18",501
"1296","2022-07-19",172
"1297","2022-07-20",152
"1298","2022-07-21",773
"1299","2022-07-22",1874
"1300","2022-07-23",259
"1301","2022-07-24",359
"1302","2022-07-25",427
"1303","2022-07-26",874
"1304","2022-07-27",1469
"1305","2022-07-28",342
"1306","2022-07-29",934
"1307","2022-07-30",1204
"1308","2022-07-31",1144
"1309","2022-08-01",308
"1310","2022-08-02",860
"1311","2022-08-03",324
"1312","2022-08-04",294
"1313","2022-08-05",293
"1314","2022-08-06",320
"1315","2022-08-07",1066
"1316","2022-08-08",280
"1317","2022-08-09",461
"1318","2022-08-10",377
"1319","2022-08-11",205
"1320","2022-08-12",795
"1321","2022-08-13",326
"1322","2022-08-14",692
"1323","2022-08-15",337
"1324","2022-08-16",1015
"1325","2022-08-17",1630
"1326","2022-08-18",1431
"1327","2022-08-19",203
"1328","2022-08-20",184
"1329","2022-08-21",382
"1330","2022-08-22",485
"1331","2022-08-23",354
"1332","2022-08-24",250
"1333","2022-08-25",342
"1334","2022-08-26",1185
"1335","2022-08-27",317
"1336","2022-08-28",572
"1337","2022-08-29",1023
"1338","2022-08-30",506
"1339","2022-08-31",929
"1340","2022-09-01",679
"1341","2022-09-02",488
"1342","2022-09-03",398
"1343","2022-09-04",270
"1344","2022-09-05",1382
"1345","2022-09-06",1203
"1346","2022-09-07",780
"1347","2022-09-08",244
"1348","2022-09-09",901
"1349","2022-09-10",262
"1350","2022-09-11",198
"1351","2022-09-12",886
"1352","2022-09-13",445
"1353","2022-09-14",747
"1354","2022-09-15",440
"1355","2022-09-16",993
"1356","2022-09-17",371
"1357","2022-09-18",832
"1358","2022-09-19",505
"1359","2022-09-20",189
"1360","2022-09-21",1129
"1361","2022-09-22",1387
"1362","2022-09-23",526
"1363","2022-09-24",1671
"1364","2022-09-25",259
"1365","2022-09-26",172
"1366","2022-09-27",825
"1367","2022-09-28",361
"1368","2022-09-29",210
"1369","2022-09-30",876
"1370","2022-10-01",467
"1371","2022-10-02",1088
"1372","2022-10-03",1037
"1373","2022-10-04",852
"1374","2022-10-05",743
"1375","2022-10-06",735
"1376","2022-10-07",876
"1377","2022-10-08",764
"1378","2022-10-09",449
"1379","2022-10-10",1760
"1380","2022-10-11",1217
"1381","2022-10-12",895
"1382","2022-10-13",907
"1383","2022-10-14",1262
"1384","2022-10-15",739
"1385","2022-10-16",303
"1386","2022-10-17",132
"1387","2022-10-18",1863
"1388","2022-10-19",597
"1389","2022-10-20",714
"1390","2022-10-21",814
"1391","2022-10-22",538
"1392","2022-10-23",409
"1393","2022-10-24",804
"1394","2022-10-25",858
"1395","2022-10-26",704
"1396","2022-10-27",707
"1397","2022-10-28",515
"1398","2022-10-29",249
"1399","2022-10-30",225
"1400","2022-10-31",357
"1401","2022-11-01",600
"1402","2022-11-02",618
"1403","2022-11-03",172
"1404","2022-11-04",261
"1405","2022-11-05",557
"1406","2022-11-06",795
"1407","2022-11-07",650
"1408","2022-11-08",421
"1409","2022-11-09",271
"1410","2022-11-10",2903
"1411","2022-11-11",753
"1412","2022-11-12",237
"1413","2022-11-13",548
"1414","2022-11-14",170
"1415","2022-11-15",693
"1416","2022-11-16",387
"1417","2022-11-17",201
"1418","2022-11-18",199
"1419","2022-11-19",716
"1420","2022-11-20",1162
"1421","2022-11-21",218
"1422","2022-11-22",722
"1423","2022-11-23",818
"1424","2022-11-24",163
"1425","2022-11-25",141
"1426","2022-11-26",374
"1427","2022-11-27",828
"1428","2022-11-28",298
"1429","2022-11-29",1162
"1430","2022-11-30",707
"1431","2022-12-01",942
"1432","2022-12-02",322
"1433","2022-12-03",836
"1434","2022-12-04",365
"1435","2022-12-05",733
"1436","2022-12-06",396
"1437","2022-12-07",884
"1438","2022-12-08",767
"1439","2022-12-09",132
"1440","2022-12-10",318
"1441","2022-12-11",1467
"1442","2022-12-12",463
"1443","2022-12-13",267
"1444","2022-12-14",1053
"1445","2022-12-15",1044
"1446","2022-12-16",1175
"1447","2022-12-17",1054
"1448","2022-12-18",721
"1449","2022-12-19",842
"1450","2022-12-20",283
"1451","2022-12-21",385
"1452","2022-12-22",1259
"1453","2022-12-23",447
"1454","2022-12-24",769
"1455","2022-12-25",419
"1456","2022-12-26",616
"1457","2022-12-27",1098
"1458","2022-12-28",317
"1459","2022-12-29",1287
"1460","2022-12-30",126
"1461","2022-12-31",760
"1462","2023-01-01",453
"1463","2023-01-02",884
"1464","2023-01-03",847
"1465","2023-01-04",918
"1466","2023-01-05",625
"1467","2023-01-06",228
"1468","2023-01-07",524
"1469","2023-01-08",436
"1470","2023-01-09",738
"1471","2023-01-10",270
"1472","2023-01-11",307
"1473","2023-01-12",953
"1474","2023-01-13",444
"1475","2023-01-14",1705
"1476","2023-01-15",209
"1477","2023-01-16",836
"1478","2023-01-17",773
"1479","2023-01-18",1060
"1480","2023-01-19",1391
"1481","2023-01-20",332
"1482","2023-01-21",144
"1483","2023-01-22",382
"1484","2023-01-23",996
"1485","2023-01-24",515
"1486","2023-01-25",660
"1487","2023-01-26",189
"1488","2023-01-27",1502
"1489","2023-01-28",225
"1490","2023-01-29",276
"1491","2023-01-30",1546
"1492","2023-01-31",715
"1493","2023-02-01",952
"1494","2023-02-02",289
"1495","2023-02-03",798
"1496","2023-02-04",788
"1497","2023-02-05",343
"1498","2023-02-06",324
"1499","2023-02-07",294
"1500","2023-02-08",165
"1501","2023-02-09",1098
"1502","2023-02-10",241
"1503","2023-02-11",1399
"1504","2023-02-12",300
"1505","2023-02-13",198
"1506","2023-02-14",1309
"1507","2023-02-15",133
"1508","2023-02-16",481
"1509","2023-02-17",398
"1510","2023-02-18",751
"1511","2023-02-19",985
"1512","2023-02-20",350
"1513","2023-02-21",832
"1514","2023-02-22",830
"1515","2023-02-23",890
"1516","2023-02-24",1715
"1517","2023-02-25",326
"1518","2023-02-26",192
"1519","2023-02-27",759
"1520","2023-02-28",1064
"1521","2023-03-01",784
"1522","2023-03-02",901
"1523","2023-03-03",276
"1524","2023-03-04",677
"1525","2023-03-05",783
"1526","2023-03-06",431
"1527","2023-03-07",263
"1528","2023-03-08",406
"1529","2023-03-09",718
"1530","2023-03-10",897
"1531","2023-03-11",1236
"1532","2023-03-12",792
"1533","2023-03-13",513
"1534","2023-03-14",833
"1535","2023-03-15",629
"1536","2023-03-16",489
"1537","2023-03-17",867
"1538","2023-03-18",215
"1539","2023-03-19",420
"1540","2023-03-20",575
"1541","2023-03-21",541
"1542","2023-03-22",627
"1543","2023-03-23",885
"1544","2023-03-24",911
"1545","2023-03-25",306
"1546","2023-03-26",809
"1547","2023-03-27",1290
"1548","2023-03-28",787
"1549","2023-03-29",1465
"1550","2023-03-30",1663
"1551","2023-03-31",1198
"1552","2023-04-01",1139
"1553","2023-04-02",946
"1554","2023-04-03",2327
"1555","2023-04-04",421
"1556","2023-04-05",433
"1557","2023-04-06",480
"1558","2023-04-07",432
"1559","2023-04-08",574
"1560","2023-04-09",331
"1561","2023-04-10",229
"1562","2023-04-11",535
"1563","2023-04-12",867
"1564","2023-04-13",350
"1565","2023-04-14",737
"1566","2023-04-15",602
"1567","2023-04-16",861
"1568","2023-04-17",668
"1569","2023-04-18",382
"1570","2023-04-19",215
"1571","2023-04-20",1057
"1572","2023-04-21",483
"1573","2023-04-22",1006
"1574","2023-04-23",351
"1575","2023-04-24",1515
"1576","2023-04-25",424
"1577","2023-04-26",956
"1578","2023-04-27",1005
"1579","2023-04-28",675
"1580","2023-04-29",1387
"1581","2023-04-30",911
"1582","2023-05-01",859
"1583","2023-05-02",1105
"1584","2023-05-03",1515
"1585","2023-05-04",1114
"1586","2023-05-05",402
"1587","2023-05-06",336
"1588","2023-05-07",864
"1589","2023-05-08",861
"1590","2023-05-09",627
"1591","2023-05-10",293
"1592","2023-05-11",454
"1593","2023-05-12",739
"1594","2023-05-13",346
"1595","2023-05-14",478
"1596","2023-05-15",1798
"1597","2023-05-16",924
"1598","2023-05-17",233
"1599","2023-05-18",646
"1600","2023-05-19",991
"1601","2023-05-20",260
"1602","2023-05-21",952
"1603","2023-05-22",920
"1604","2023-05-23",492
"1605","2023-05-24",1002
"1606","2023-05-25",379
"1607","2023-05-26",983
"1608","2023-05-27",277
"1609","2023-05-28",2895
"1610","2023-05-29",1207
"1611","2023-05-30",842
"1612","2023-05-31",2884
"1613","2023-06-01",874
"1614","2023-06-02",1093
"1615","2023-06-03",1765
"1616","2023-06-04",888
"1617","2023-06-05",385
"1618","2023-06-06",877
"1619","2023-06-07",336
"1620","2023-06-08",864
"1621","2023-06-09",560
"1622","2023-06-10",569
"1623","2023-06-11",1171
"1624","2023-06-12",1517
"1625","2023-06-13",635
"1626","2023-06-14",813
"1627","2023-06-15",1185
"1628","2023-06-16",821
"1629","2023-06-17",1145
"1630","2023-06-18",1297
"1631","2023-06-19",1108
"1632","2023-06-20",975
"1633","2023-06-21",1002
"1634","2023-06-22",865
"1635","2023-06-23",1331
"1636","2023-06-24",908
"1637","2023-06-25",635
"1638","2023-06-26",1176
"1639","2023-06-27",1486
"1640","2023-06-28",551
"1641","2023-06-29",1560
"1642","2023-06-30",522
"1643","2023-07-01",1595
"1644","2023-07-02",759
"1645","2023-07-03",276
"1646","2023-07-04",717
"1647","2023-07-05",1370
"1648","2023-07-06",909
"1649","2023-07-07",1692
"1650","2023-07-08",758
"1651","2023-07-09",1066
"1652","2023-07-10",920
"1653","2023-07-11",2905
"1654","2023-07-12",687
"1655","2023-07-13",256
"1656","2023-07-14",1413
"1657","2023-07-15",963
"1658","2023-07-16",1184
"1659","2023-07-17",1080
"1660","2023-07-18",685
"1661","2023-07-19",1701
"1662","2023-07-20",641
"1663","2023-07-21",1136
"1664","2023-07-22",1378
"1665","2023-07-23",786
"1666","2023-07-24",775
"1667","2023-07-25",1279
"1668","2023-07-26",773
"1669","2023-07-27",1201
"1670","2023-07-28",265
"1671","2023-07-29",1677
"1672","2023-07-30",856
"1673","2023-07-31",1381
"1674","2023-08-01",851
"1675","2023-08-02",256
"1676","2023-08-03",775
"1677","2023-08-04",988
"1678","2023-08-05",908
"1679","2023-08-06",1236
"1680","2023-08-07",366
"1681","2023-08-08",632
"1682","2023-08-09",1553
"1683","2023-08-10",1097
"1684","2023-08-11",972
"1685","2023-08-12",1404
"1686","2023-08-13",809
"1687","2023-08-14",1732
"1688","2023-08-15",890
"1689","2023-08-16",639
"1690","2023-08-17",2690
"1691","2023-08-18",1022
"1692","2023-08-19",515
"1693","2023-08-20",1344
"1694","2023-08-21",828
"1695","2023-08-22",804
"1696","2023-08-23",1175
"1697","2023-08-24",911
"1698","2023-08-25",2938
"1699","2023-08-26",1291
"1700","2023-08-27",1502
"1701","2023-08-28",391
"1702","2023-08-29",1732
"1703","2023-08-30",291
"1704","2023-08-31",1389
